<beans xmlns="http://www.springframework.org/schema/beans"
	xmlns:xsi="http://www.w3.org/2001/XMLSchema-instance" xmlns:context="http://www.springframework.org/schema/context"
	xmlns:util="http://www.springframework.org/schema/util" xmlns:tx="http://www.springframework.org/schema/tx"
	xmlns:task="http://www.springframework.org/schema/task"
	xsi:schemaLocation="http://www.springframework.org/schema/task http://www.springframework.org/schema/task/spring-task-4.1.xsd
		http://www.springframework.org/schema/beans http://www.springframework.org/schema/beans/spring-beans-4.1.xsd
		http://www.springframework.org/schema/util http://www.springframework.org/schema/util/spring-util-4.1.xsd
		http://www.springframework.org/schema/tx http://www.springframework.org/schema/tx/spring-tx-4.1.xsd
		http://www.springframework.org/schema/context http://www.springframework.org/schema/context/spring-context-4.1.xsd">

	<!-- Database Configuration 
	<import resource="Hibernate.xml"/>
	<import resource="DataSource.xml"/>-->
	
<tx:annotation-driven />
	<bean id="transactionManager" class="org.springframework.orm.hibernate4.HibernateTransactionManager">
		<property name="sessionFactory" ref="sessionFactory" />
	</bean>
	
 
 <!-- Hibernate session factory -->
<bean id="sessionFactory" class="org.springframework.orm.hibernate4.LocalSessionFactoryBean">

    <property name="dataSource">
      <ref bean="dataSource"/>
    </property>

    <property name="hibernateProperties">
       <props>
         <prop key="hibernate.dialect">org.hibernate.dialect.PostgreSQLDialect</prop>
         <prop key="hibernate.show_sql">true</prop>
       </props>
    </property>

    <property name="annotatedClasses">
	<list>
		<value>com.chetan.spring.transactionMgmt.tm1.model.Product</value>
		<value>com.chetan.spring.transactionMgmt.tm1.model.ProductQoh</value>
	</list>
    </property>

    </bean>
    
    
	<bean id="dataSource" class="org.springframework.jdbc.datasource.DriverManagerDataSource">
		<property name="driverClassName" value="org.postgresql.Driver" />
		<property name="url" value="jdbc:postgresql://localhost:5432/chetan" />
		<property name="username" value="postgres" />
		<property name="password" value="postgres" />
	</bean>

    
    <!-- Auto scan the components -->
	<context:component-scan
		base-package="com.chetan.spring.transactionMgmt.tm1" />
		
		<!-- <bean id="ProductBo" class="com.chetan.spring.transactionMgmt.tm1.bo.boImpl.ProductBoImpl"/>
 -->
 
    
</beans>