<?xml version="1.0" encoding="UTF-8"?>
<beans xmlns="http://www.springframework.org/schema/beans"
xmlns:xsi="http://www.w3.org/2001/XMLSchema-instance"
xsi:schemaLocation="http://www.springframework.org/schema/beans
http://www.springframework.org/schema/beans/spring-beans-2.5.xsd">

<!-- Hibernate session factory -->
<bean id="sessionFactory"
class="org.springframework.orm.hibernate4.LocalSessionFactoryBean">

    <property name="dataSource">
      <ref bean="dataSource"/>
    </property>

    <property name="hibernateProperties">
       <props>
         <prop key="hibernate.dialect">org.hibernate.dialect.PostgreSQLDialect</prop>
         <prop key="hibernate.show_sql">true</prop>
       </props>
    </property>

    <property name="annotatedClasses">
	<list>
		<value>com.chetan.spring.transactionMgmt.tm1.model.Product</value>
		<value>com.chetan.spring.transactionMgmt.tm1.model.ProductQoh</value>
	</list>
    </property>

    </bean>
</beans>